Wojciech,Szczesny,1
David,Ospina,2
Petr,Cech,3
Laurent,Koscielny,4
Per,Mertesacker,5
Gabriel Armando,de Abreu,6
Hector,Bellerin,7
Kieran,Gibbs,8
Mathieu,Debuchy,9
Carl,Jenkinson,10
Nacho,Monreal,11
Calum,Chambers,12
Alexis,Sanchez,13
Theo,Walcott,14
Mesut,Ozil,15
Santiago,Cazorla,16
Aaron,Ramsey,17
Jack,Wilshere,18
Alex,Oxlade-Chamberlain,19
Mikel,Arteta,20
Tomas,Rosicky,21
Serge,Gnabry,22
Gedion,Zelalem,23
Francis,Coquelin,24
Mathieu,Flamini,25
Olivier,Giroud,26
Danny,Welbeck,27
Chuba,Akpom,28
Yaya,Sanogo,29
Bradley,Guzan,30
Shay,Given,31
Leandro,Bacuna,32
Kieran,Richardson,33
Ron,Vlaar,34
Philippe,Senderos,35
Aly,Cissokho,36
Alan,Hutton,37
Ciaran,Clark,38
Jores,Okore,39
Nathan,Baker,40
Lewis,Kinsella,41
Micah,Richards,42
Fabian,Delph,43
Carles,Gil de Pareja Vicent,44
Charles,N'Zogbia,45
Joe,Cole,46
Jack,Grealish,47
Scott,Sinclair,48
Ashley,Westwood,49
Carlos,Sanchez,50
Christian,Benteke,51
Gabriel,Agbonlahor,52
Libor,Kozak,53
Rushian,Hepburn-Murphy,54
Artur,Boruc,55
Adam,Federici,56
Simon,Francis,57
Steve,Cook,58
Tommy,Elphick,59
Charlie,Daniels,60
Adam,Smith,61
Tyrone,Mings,62
Sylvain,Distin,63
Matt,Ritchie,64
Christian,Atsu,65
Joshua,King,66
Harry,Arter,67
Marc,Pugh,68
Andrew,Surman,69
Eunan,O'Kane,70
Shaun,MacDonald,71
Junior,Stanislas,72
Dan,Gosling,73
Callum,Wilson,74
Yann,Kermorgant,75
Tokelo,Rantie,76
Thibaut,Courtois,77
John,Terry,78
Branislav,Ivanovic,79
Cesar,Azpilicueta,80
Gary,Cahill,81
Kurt,Zouma,82
Filipe Luis,Kasmirski,83
Nathan,Ake,84
Andreas,Christensen,85
Eden,Hazard,86
Cesc,Fabregas,87
Oscar,dos Santos Emboaba Junior,88
Juan,Cuadrado,89
Willian,Borges Da Silva,90
Ramires,Santos do Nascimento,91
Nemanja,Matic,92
Ruben,Loftus-Cheek,93
John Obi,Mikel,94
Isaiah,Brown,95
Victor,Moses,96
Nathan Allan,de Souza,97
Diego,Da Silva Costa,98
Loic,Remy,99
Dominic,Solanke,100
Radamel Falcao,Garcia Zarate,101
Julian,Speroni,102
Wayne,Hennessey,103
Scott,Dann,104
Joel,Ward,105
Adrian,Mariappa,106
Martin,Kelly,107
Damien,Delaney,108
Pape,Souare,109
Ezekiel,Fryers,110
Brede,Hangeland,111
Yannick,Bolasie,112
Jason,Puncheon,113
Wilfried,Zaha,114
Mile,Jedinak,115
Joe,Ledley,116
James,McArthur,117
Jordon,Mutch,118
Barry,Bannan,119
Jonathan,Williams,120
Chung-yong,Lee,121
Adlene,Guedioura,122
Glenn,Murray,123
Dwight,Gayle,124
Fraizer,Campbell,125
Marouane,Chamakh,126
Tim,Howard,127
Joel,Robles,128
Leighton,Baines,129
Seamus,Coleman,130
Phil,Jagielka,131
John,Stones,132
Luke,Garbutt,133
Brendan,Galloway,134
Tony,Hibbert,135
Tyias,Browning,136
Kevin,Mirallas,137
Ross,Barkley,138
Tom,Cleverley,139
Leon,Osman,140
James,McCarthy,141
Aiden,McGeady,142
Steven,Pienaar,143
Gareth,Barry,144
Darron,Gibson,145
Muhamed,Besic,146
Bryan,Oviedo,147
Gerard,Deulofeu,148
Romelu,Lukaku,149
Steven,Naismith,150
Arouna,Kone,151
Kasper,Schmeichel,152
Ben,Hamer,153
Wes,Morgan,154
Christian,Fuchs,155
Jeffrey,Schlupp,156
Marcin,Wasilewski,157
Paul,Konchesky,158
Ritchie,de Laet,159
Danny,Simpson,160
Liam,Moore,161
Robert,Huth,162
Riyad,Mahrez,163
Marc,Albrighton,164
Andy,King,165
Daniel,Drinkwater,166
Dean,Hammond,167
Anthony,Knockaert,168
Matthew,James,169
Jamie,Vardy,170
Leonardo,Ulloa,171
Andrej,Kramaric,172
David,Nugent,173
Shinji,Okazaki,174
Simon,Mignolet,175
Adam,Bogdan,176
Martin,Skrtel,177
Jose,Enrique Sanchez Diaz,178
Kolo,Toure,179
Mamadou,Sakho,180
Tiago,Ilori,181
Dejan,Lovren,182
Javier,Manquillo,183
Alberto,Moreno,184
Andre,Wisdom,185
Nathaniel,Clyne,186
Leiva,Lucas,187
Jordan,Henderson,188
Raheem,Sterling,189
Joe,Allen,190
Philippe,Coutinho,191
Jordon,Ibe,192
Emre,Can,193
Adam,Lallana,194
Lazar,Markovic,195
Oluwaseyi,Ojo,196
James,Milner,197
Roberto,Firmino,198
Daniel,Sturridge,199
Rickie,Lambert,200
Fabio,Borini,201
Mario,Balotelli,202
Danny,Ings,203
Divock,Origi,204
Joe,Hart,205
Willy,Caballero,206
Aleksandar,Kolarov,207
Pablo,Zabaleta,208
Vincent,Kompany,209
Gael,Clichy,210
Martin,Demichelis,211
Bacary,Sagna,212
Eliaquim,Mangala,213
Jason,Denayer,214
Samir,Nasri,215
David,Silva,216
Gnegneri Yaya,Toure,217
Jesus,Navas,218
Fernando,Luiz Rosa,219
Fernando Francisco,Reges,220
Edin,Dzeko,221
Sergio,Aguero,222
Stevan,Jovetic,223
Wilfried,Bony,224
Jose,Pozo,225
David,de Gea,226
Victor,Valdes,227
Chris,Smalling,228
Phil,Jones,229
Rafael Pereira,da Silva,230
Jonny,Evans,231
Guillermo,Varela,232
Luke,Shaw,233
Tyler,Blackett,234
Marcos,Rojo,235
Patrick,McNair,236
Antonio,Valencia,237
Juan,Mata,238
Marouane,Fellaini,239
Memphis,Depay,240
Michael,Carrick,241
Ashley,Young,242
Adnan,Januzaj,243
Ander,Herrera,244
Angel,Di Maria,245
Daley,Blind,246
Andreas,Pereira,247
Robin,van Persie,248
Javier,Hernandez,249
Wayne,Rooney,250
James,Wilson,251
Tim,Krul,252
Robert,Elliot,253
Michael,Williamson,254
Steven,Taylor,255
Fabricio,Coloccini,256
Massadio,Haidara,257
Paul,Dummett,258
Daryl,Janmaat,259
Gabriel,Obertan,260
Cheick,Tiote,261
Mehdi,Abeid,262
Vurnon,Anita,263
Moussa,Sissoko,264
Jack,Colback,265
Yoan,Gouffran,266
Sammy,Ameobi,267
Siem,de Jong,268
Remy,Cabella,269
Rolando,Aarons,270
Papiss Demba,Cisse,271
Adam,Armstrong,272
Ayoze,Perez Gutierrez,273
Emmanuel,Riviere,274
John,Ruddy,275
Declan,Rudd,276
Sebastien,Bassong,277
Steven,Whittaker,278
Russell,Martin,279
Martin,Olsson,280
Michael,Turner,281
Jos,Hooiveld,282
Ryan,Bennett,283
Bradley,Johnson,284
Nathan,Redmond,285
Wes,Hoolahan,286
Jonny,Howson,287
Graham,Dorrans,288
Alexander,Tettey,289
Gary,O'Neil,290
Elliott,Bennett,291
Youssouf,Mulumbu,292
Cameron,Jerome,293
Ricky,van Wolfswinkel,294
Lewis,Grabban,295
Gary,Hooper,296
Kyle,Lafferty,297
Fraser,Forster,298
Kelvin,Davis,299
Maarten,Stekelenburg,300
Ryan,Bertrand,301
Jose,Fonte,302
Maya,Yoshida,303
Matt,Targett,304
Florin,Gardos,305
Toby,Alderweireld,306
Cedric,Soares,307
Morgan,Schneiderlin,308
Steven,Davis,309
James,Ward-Prowse,310
Victor,Wanyama,311
Harrison,Reed,312
Dusan,Tadic,313
Sadio,Mane,314
Jake,Hesketh,315
Eljero,Elia,316
Filip,Djuricic,317
Shane,Long,318
Jay,Rodriguez,319
Emmanuel,Mayuka,320
Graziano,Pelle,321
Juan Miguel,Jimenez Lopez,322
Hugo,Lloris,323
Michel,Vorm,324
Danny,Rose,325
Younes,Kaboul,326
Kyle,Walker,327
Jan,Vertonghen,328
Vlad,Chiriches,329
Ben,Davies,330
Eric,Dier,331
Federico,Fazio,332
DeAndre,Yedlin,333
Kieran,Trippier,334
Kevin,Wimmer,335
Mousa,Dembele,336
Andros,Townsend,337
Nacer,Chadli,338
Etienne,Capoue,339
Erik,Lamela,340
Christian,Eriksen,341
Nabil,Bentaleb,342
Alex,Pritchard,343
Benjamin,Stambouli,344
Ryan,Mason,345
Aaron,Lennon,346
Tom,Carroll,347
Bamidele,Alli,348
Emmanuel,Adebayor,349
Harry,Kane,350
Roberto,Soldado,351
Asmir,Begovic,352
Jack,Butland,353
Jakob,Haugaard,354
Ryan,Shawcross,355
Marc,Wilson,356
Geoff,Cameron,357
Erik,Pieters,358
Marc,Muniesa,359
Phil,Bardsley,360
Philipp,Wollscheid,361
Stephen,Ireland,362
Charlie,Adam,363
Glenn,Whelan,364
Jonathan,Walters,365
Steven,N'Zonzi,366
Steve,Sidwell,367
Marko,Arnautovic,368
Peter,Odemwingie,369
Peter,Crouch,370
Mame Biram,Diouf,371
Bojan,Krkic,372
Jose Luis,Mato Sanmartin,373
Vito,Mannone,374
Costel,Pantilimon,375
John,O'Shea,376
Valentin,Roberge,377
Billy,Jones,378
Patrick,van Aanholt,379
Santiago,Vergini,380
Wes,Brown,381
Sebastian,Coates,382
Lee,Cattermole,383
Sebastian,Larsson,384
Jack,Rodwell,385
Jordi,Gomez Garcia-Penche,386
Liam,Bridcutt,387
Emanuele,Giaccherini,388
Adam,Johnson,389
William,Buckley,390
Connor,Wickham,391
Jermain,Defoe,392
Steven,Fletcher,393
Danny,Graham,394
Lukasz,Fabianski,395
Kristoffer,Nordfeldt,396
Kyle,Naughton,397
Ashley,Williams,398
Neil,Taylor,399
Angel,Rangel,400
Kyle,Bartley,401
Dwight,Tiendalli,402
Jordi,Amat,403
Federico,Fernandez,404
Franck,Tabanou,405
Jack,Cork,406
Gylfi,Sigurdsson,407
Wayne,Routledge,408
Nathan,Dyer,409
Leon,Britton,410
Jonjo,Shelvey,411
Jay,Fulton,412
Sung-yueng,Ki,413
Jefferson,Montero,414
Matt,Grimes,415
Andre,Ayew,416
Bafetimbi,Gomis,417
Marvin,Emnes,418
Modou,Barrow,419
Ederzito Antonio,Macedo Lopes,420
Heurelho,Gomes,421
Jonathan,Bond,422
Giedrius,Arlauskis,423
Gabriele,Angella,424
Craig,Cathcart,425
Sebastian,Prodl,426
Juan Carlos,Paredes,427
Miguel,Layun,428
Joel,Ekstrand,429
Daniel,Pudil,430
Tommy,Hoban,431
Lloyd,Doyley,432
Daniel,Tozser,433
Almen,Abdi,434
Ben,Watson,435
Diego,Fabbrini,436
Ikechi,Anya,437
Lloyd,Dyer,438
Lewis,McGugan,439
Sean,Murray,440
Troy,Deeney,441
Odion,Ighalo,442
Matej,Vydra,443
Fernando,Forestieri,444
Boaz,Myhill,445
Ben,Foster,446
Jonas,Olsson,447
Craig,Dawson,448
Joleon,Lescott,449
Sebastien,Pocognoli,450
Cristian,Gamboa,451
Gareth,McAuley,452
Darren,Fletcher,453
Stephane,Sessegnon,454
Craig,Gardner,455
James,Morrison,456
Chris,Brunt,457
Claudio,Yacob,458
Callum,McManaman,459
James,McClean,460
Victor,Anichebe,461
Saido,Berahino,462
Brown,Ideye,463
Georgios,Samaras,464
Adrian,San Miguel del Castillo,465
Darren,Randolph,466
James,Collins,467
Joey,O'Brien,468
Winston,Reid,469
James,Tomkins,470
Aaron,Cresswell,471
Reece,Burke,472
Reece,Oxford,473
Stewart,Downing,474
Mark,Noble,475
Kevin,Nolan,476
Matthew,Jarvis,477
Cheikhou,Kouyate,478
Diego,Poyet,479
Morgan,Amalfitano,480
Pedro,Obiang,481
Dimitri,Payet,482
Andy,Carroll,483
Enner,Valencia,484
Diafra,Sakho,485
Modibo,Maiga,486
Mauro,Zarate,487
Mark,Bunn,488
Cuco,Martina,489
Adam,Matthews,490
Yohan,Cabaye,491
Jose,Holebas,492
Idrissa,Gueye,493
Jon,Flanagan,494
Matteo,Darmian,495
Bastian,Schweinsteiger,496
Georginio,Wijnaldum,497
Gaston,Ramirez,498
Glen,Johnson,499
Marco,Van Ginkel,500
Valon,Behrami,501
Angelo,Ogbonna,502
Mark,Schwarzer,503
Anders,Lindegaard,504
Karl,Darlow,505
Jamaal,Lascelles,506
Tony,Andreu,507
Jordy,Clasie,508
Mohamed,El Ouriachi,509
Jeremain,Lens,510
Allan-Romeo,Nyom,511
Elliot,Lee,512
Jordan,Amavi,513
Patrick,Bamford,514
Joseph,Gomez,515
Patrick,Roberts,516
Aleksandar,Mitrovic,517
Alex,McCarthy,518
Miguel,Britos,519
Jose Manuel,Jurado Marin,520
Manuel,Lanzini,521
Jose Angel,Crespo,522
Jordan,Ayew,523
Sergio,Romero,524
Ibrahim,Afellay,525
Steven,Berghuis,526
Robbie,Brady,527
Steven,Caulker,528
James,Chester,529
Jordan,Veretout,530
Rudy,Gestede,531
Chancel,Mbemba,532
Yohan,Benalouane,533
Removed,Player,534
Max,Gradel,535
Lee,Tomlin,536
Bakary,Sako,537
N'Golo,Kante,538
Jeff,Reine-Adelaide,539
Baily,Cargill,540
Tom,Lawrence,541
Kelechi,Iheanacho,542
Vadis,Odjidja-Ofoe,543
Yann,M'Vila,544
Martin,Samuelsen,545
Sam,Johnstone,546
Conor,McAleny,547
Rene,Gilmartin,548
Paulo,Gazzaniga,549
Jack,Rose,550
Salomon,Rondon,551
Xherdan,Shaqiri,552
Oriol,Romeu Vidal,553
Adama,Traore,554
Jonathan,Maddison,555
Duncan,Watmore,556
Jamal,Blackman,557
Clinton,N'Jie,558
Abdul Rahman,Baba,559
Alessandro,Diamanti,560
Gokhan,Inler,561
Florian,Thauvin,562
Pedro,Rodriguez Ledesma,563
Nicolas,Otamendi,564
Raphael,Spiegel,565
Josh,Cullen,566
Joshua,Onomah,567
Bertrand,Traore,568
Jordan,Rossiter,569
Heung-Min,Son,570
Ola,Toivonen,571
Joel,Campbell,572
Robert Kenedy,Nunes do Nascimento,573
Matthew,Pennington,574
Joseph,Dodoo,575
Joe,Bennett,576
Lynden,Gooch,577
Pablo,Maffeo,578
Kyle,Knoyle,579
Kevin,De Bruyne,580
Dieumerci,Mbokani,581
Alexandre,Song,582
Ramiro,Funes Mori,583
Nikica,Jelavic,584
Papy,Djilobodji,585
Virgil,van Dijk,586
Mamadou Obbi,Oulare,587
Michail,Antonio,588
Anthony,Martial,589
Victor,Ibarbo,590
Gary,Gardner,591
Leandro,Rodriguez,592
Joao Carlos,Vilaca Teixeira,593
Jesse,Lingard,594
Gael,Bigirimana,595
Curtis,Good,596
Sylvain,Marveaux,597
Lloyd,Isgrove,598
Essaid,Belkalem,599
Connor,Smith,600
Doneil,Henry,601
Richard,Wright,602
Jake,Kean,603
Lee,Lucas,604
Daniel,Alfei,605
Manuel,Garcia Alonso,606
Harry,Winks,607
Kevin,Mbabu,608
Ivan,Toney,609
George,Evans,610
Brandon,Barker,611
Jake,Gray,612
Luke,Croll,613
Mason,Holgate,614
Matt,Macey,615
Connor,Randall,616
Jerome,Sinclair,617
Freddie,Woodman,618
Marco,Amelia,619
Alex,Iwobi,620
Benjamin,Chilwell,621
Axel,Tuanzebe,622
Ryan,Allsop,623
Ryan,Seager,624
Cameron,Borthwick-Jackson,625
Cameron,Brannagan,626
Gerhard,Tremmel,627
Jamie,Sterry,628
Marcus,Rashford,629
Sean,Goss,630
Matt,Butcher,631
Cameron,Humphreys-Grant,632
Nick,Powell,633
Jordan,Lyden,634
